[
  {
    "id" : "ig-encounter-episode",
    "type" : "ImplementationGuide",
    "url" : "https://fhir.ee/encounter-episode/ImplementationGuide/ig-encounter-episode",
    "version" : "0.1.0",
    "name" : "TEHIKIGEncounterandEpisodeofCare"
  },
  {
    "id" : "ee-tis-encounter",
    "type" : "StructureDefinition",
    "url" : "https://fhir.ee/encounter-episode/StructureDefinition/ee-tis-encounter",
    "version" : "0.1.0",
    "name" : "EETISEncounter"
  },
  {
    "id" : "ee-tis-eoc-or-encounter-reference",
    "type" : "StructureDefinition",
    "url" : "https://fhir.ee/encounter-episode/StructureDefinition/ee-tis-eoc-or-encounter-reference",
    "version" : "0.1.0",
    "name" : "ExtensionEETISEoCorEncounterReference"
  },
  {
    "id" : "ee-tis-episode-of-care",
    "type" : "StructureDefinition",
    "url" : "https://fhir.ee/encounter-episode/StructureDefinition/ee-tis-episode-of-care",
    "version" : "0.1.0",
    "name" : "EETISEpisodeOfCare"
  }
]
