{
  "package": "ig-encounter-episode",
  "version": "0.1.0",
  "fhirVersion": "5.0.0",
  "jurisdiction": "EE",
  "extensions": [
    {
      "url": "https://fhir.ee/encounter-episode/StructureDefinition/ee-tis-eoc-or-encounter-reference",
      "title": "EoC or Encounter reference",
      "types": [
        "Reference"
      ]
    }
  ],
  "profiles": {
    "Encounter": [
      {
        "url": "https://fhir.ee/encounter-episode/StructureDefinition/ee-tis-encounter",
        "title": "EE TIS Encounter"
      }
    ],
    "EpisodeOfCare": [
      {
        "url": "https://fhir.ee/encounter-episode/StructureDefinition/ee-tis-episode-of-care",
        "title": "EE TIS Episode of Care"
      }
    ]
  },
  "usage": {
    "http://hl7.org/fhir/StructureDefinition/elementdefinition-bestpractice": [
      "StructureDefinition.snapshot.element.constraint"
    ],
    "http://hl7.org/fhir/StructureDefinition/elementdefinition-bestpractice-explanation": [
      "StructureDefinition.snapshot.element.constraint"
    ],
    "http://hl7.org/fhir/StructureDefinition/elementdefinition-bindingName": [
      "StructureDefinition.snapshot.element.binding"
    ],
    "http://hl7.org/fhir/StructureDefinition/encounter-associatedEncounter": [
      "Encounter"
    ],
    "http://hl7.org/fhir/StructureDefinition/structuredefinition-fhir-type": [
      "StructureDefinition.snapshot.element.type"
    ],
    "http://hl7.org/fhir/StructureDefinition/structuredefinition-hierarchy": [
      "StructureDefinition.snapshot.element.type"
    ],
    "http://hl7.org/fhir/StructureDefinition/structuredefinition-type-characteristics": [
      "StructureDefinition"
    ],
    "http://hl7.org/fhir/tools/StructureDefinition/ig-internal-dependency": [
      "ImplementationGuide.definition"
    ],
    "http://hl7.org/fhir/tools/StructureDefinition/implementationguide-dependency-comment": [
      "ImplementationGuide.dependsOn"
    ],
    "http://hl7.org/fhir/tools/StructureDefinition/resource-information": [
      "ImplementationGuide.definition.resource"
    ],
    "http://hl7.org/fhir/tools/StructureDefinition/snapshot-base-version": [
      "StructureDefinition.snapshot"
    ],
    "https://fhir.ee/base/StructureDefinition/ee-mode-of-arrival": [
      "Encounter"
    ],
    "https://fhir.ee/encounter-episode/StructureDefinition/ee-tis-eoc-or-encounter-reference": [
      "EpisodeOfCare"
    ]
  }
}